Epoch,Train Similarity,Test Similarity
1,24266.906974283855,20713.5078125
2,21196.261759440105,20437.379296875
3,21003.067244466147,20353.462109375
4,27856.83738606771,21688.472330729168
5,21982.67588704427,20946.348404947916
6,21527.55576985677,20710.142350260416
7,21273.947631835938,20553.898860677084
